<?xml version="1.0"?>
<doc>
    <assembly>
        <name>RageCoop.Client</name>
    </assembly>
    <members>
        <member name="T:RageCoop.Client.COOPAPI">
            <summary>
            ?
            </summary>
        </member>
        <member name="T:RageCoop.Client.COOPAPI.ConnectEvent">
            <summary>
            ?
            </summary>
            <param name="connected"></param>
            <param name="from">The Lidgren-Network net handle</param>
            <param name="reason"></param>
        </member>
        <member name="T:RageCoop.Client.COOPAPI.ChatMessage">
            <summary>
            ?
            </summary>
            <param name="from"></param>
            <param name="message">The Lidgren-Network net handle</param>
            <param name="args"></param>
        </member>
        <member name="T:RageCoop.Client.COOPAPI.ModEvent">
            <summary>
            ?
            </summary>
            <param name="from">The Lidgren-Network net handle</param>
            <param name="mod"></param>
            <param name="customID"></param>
            <param name="bytes"></param>
        </member>
        <member name="E:RageCoop.Client.COOPAPI.OnConnection">
            <summary>
            ?
            </summary>
        </member>
        <member name="E:RageCoop.Client.COOPAPI.OnChatMessage">
            <summary>
            ?
            </summary>
        </member>
        <member name="E:RageCoop.Client.COOPAPI.OnModPacketReceived">
            <summary>
            ?
            </summary>
        </member>
        <member name="M:RageCoop.Client.COOPAPI.LocalChatMessage(System.String,System.String)">
            <summary>
            Send a local chat message to this player
            </summary>
            <param name="from">Username of the player who sent this message</param>
            <param name="message">The player's message</param>
        </member>
        <member name="M:RageCoop.Client.COOPAPI.Connect(System.String)">
            <summary>
            Connect to any server
            </summary>
            <param name="serverAddress">The server address to connect. Example: 127.0.0.1:4499</param>
        </member>
        <member name="M:RageCoop.Client.COOPAPI.Disconnect">
            <summary>
            ?
            </summary>
        </member>
        <member name="M:RageCoop.Client.COOPAPI.IsOnServer">
            <summary>
            Check if the player is already on a server
            </summary>
        </member>
        <member name="M:RageCoop.Client.COOPAPI.GetPlayerID">
            <summary>
            Get the local player's ID
            </summary>
            <returns>PlayerID</returns>
        </member>
        <member name="M:RageCoop.Client.COOPAPI.IsMenuVisible">
            <summary>
            Check if a RAGECOOP menu is visible
            </summary>
        </member>
        <member name="M:RageCoop.Client.COOPAPI.IsChatFocused">
            <summary>
            Check if the RAGECOOP chat is visible
            </summary>
        </member>
        <member name="M:RageCoop.Client.COOPAPI.IsPlayerListVisible">
            <summary>
            Check if the RAGECOOP list of players is visible
            </summary>
        </member>
        <member name="M:RageCoop.Client.COOPAPI.GetCurrentVersion">
            <summary>
            Get the version of RAGECOOP
            </summary>
        </member>
        <member name="M:RageCoop.Client.COOPAPI.SendDataToServer(System.String,System.Byte,System.Byte[])">
            <summary>
            Send any data (bytes) to the server
            </summary>
            <param name="modName">The name of this modification (script)</param>
            <param name="customID">The ID to know what the data is</param>
            <param name="bytes">Your class, structure or whatever in bytes</param>
        </member>
        <member name="M:RageCoop.Client.COOPAPI.SendDataToAll(System.String,System.Byte,System.Byte[])">
            <summary>
            Send any data (bytes) to the all player
            </summary>
            <param name="modName">The name of this modification (script)</param>
            <param name="customID">The ID to know what the data is</param>
            <param name="bytes">Your class, structure or whatever in bytes</param>
        </member>
        <member name="M:RageCoop.Client.COOPAPI.SendDataToPlayer(System.Int64,System.String,System.Byte,System.Byte[])">
            <summary>
            Send any data (bytes) to a player
            </summary>
            <param name="netHandle">The Lidgren Network net handle that receives the data</param>
            <param name="modName">The name of this modification (script)</param>
            <param name="customID">The ID to know what the data is</param>
            <param name="bytes">Your class, structure or whatever in bytes</param>
        </member>
        <member name="M:RageCoop.Client.COOPAPI.GetUsername">
            <summary>
            Get that player's local username
            </summary>
        </member>
        <member name="M:RageCoop.Client.COOPAPI.SetUsername(System.String)">
            <summary>
            Set a new username for this player
            </summary>
            <param name="username">The new username</param>
            <returns>false if the player already joined a server or the username is null or empty otherwise true</returns>
        </member>
        <member name="M:RageCoop.Client.COOPAPI.SetLocalTraffic(System.Boolean)">
            <summary>
            Enable or disable the local traffic for this player
            </summary>
            <param name="enable">true to disable traffic</param>
        </member>
        <member name="M:RageCoop.Client.COOPAPI.SetPlayerListLeftAlign(System.Boolean)">
            <summary>
            Sets the alignment for the player list, if set to true it will align left, 
            otherwise it will align right
            </summary>
            <param name="leftAlign">true to move the player list to the left</param>
        </member>
        <member name="M:RageCoop.Client.DownloadManager.FileAlreadyExists(System.String,System.String,System.Int64)">
            <summary>
            Check if the file already exists and if the size correct otherwise delete this file
            </summary>
            <param name="folder"></param>
            <param name="name"></param>
            <param name="length"></param>
            <returns></returns>
        </member>
        <member name="T:RageCoop.Client.SyncedPed">
            <summary>
            ?
            </summary>
        </member>
        <member name="M:RageCoop.Client.SyncedPed.#ctor(GTA.Ped)">
            <summary>
            Create a local entity (outgoing sync)
            </summary>
            <param name="p"></param>
        </member>
        <member name="M:RageCoop.Client.SyncedPed.#ctor(System.Int32)">
            <summary>
            Create an empty character with ID
            </summary>
        </member>
        <member name="P:RageCoop.Client.SyncedPed.IsPlayer">
            <summary>
            Indicates whether this ped is a player
            </summary>
        </member>
        <member name="P:RageCoop.Client.SyncedPed.MainPed">
            <summary>
            real entity
            </summary>
        </member>
        <member name="P:RageCoop.Client.SyncedPed.Health">
            <summary>
            The latest character health (may not have been applied yet)
            </summary>
        </member>
        <member name="P:RageCoop.Client.SyncedPed.ModelHash">
            <summary>
            The latest character model hash (may not have been applied yet)
            </summary>
        </member>
        <member name="P:RageCoop.Client.SyncedPed.Position">
            <summary>
            The latest character position (may not have been applied yet)
            </summary>
        </member>
        <member name="P:RageCoop.Client.SyncedPed.Rotation">
            <summary>
            The latest character rotation (may not have been applied yet)
            </summary>
        </member>
        <member name="M:RageCoop.Client.SyncedPed.EnterVehicle(RageCoop.Client.SyncedVehicle,GTA.VehicleSeat,System.Action{System.Boolean})">
            <summary>
            Tell this character to enter a vehicle and do callback when the task is finished.
            </summary>
            <param name="veh"></param>
            <param name="seat"></param>
            <param name="callback"> callback function to be invoked when done, accepting first argument that indicates whether the operation is successful.</param>
        </member>
        <member name="F:RageCoop.Client.EntityPool.Handle_Peds">
            <summary>
            Faster access to Character with Handle, but values may not equal to <see cref="F:RageCoop.Client.EntityPool.ID_Peds"/> since Ped might not have been created.
            </summary>
        </member>
        <member name="M:RageCoop.Client.SyncEvents.TriggerPedKilled(RageCoop.Client.SyncedPed)">
            <summary>
            Informs other players that this ped has been killed.
            </summary>
            <param name="c"></param>
        </member>
        <member name="P:RageCoop.Client.SyncedEntity.IsMine">
            <summary>
            Indicates whether the current player is responsible for syncing this entity.
            </summary>
        </member>
        <member name="P:RageCoop.Client.SyncedEntity.LastSynced">
            <summary>
            Last time a new sync message arrived.
            </summary>
        </member>
        <member name="P:RageCoop.Client.SyncedEntity.LastStateSynced">
            <summary>
            Last time a new sync message arrived.
            </summary>
        </member>
        <member name="P:RageCoop.Client.SyncedEntity.LastUpdated">
            <summary>
            Last time the local entity has been updated,
            </summary>
        </member>
        <member name="M:RageCoop.Client.SyncedVehicle.#ctor(GTA.Vehicle)">
            <summary>
            Create a local entity (outgoing sync)
            </summary>
            <param name="p"></param>
        </member>
        <member name="M:RageCoop.Client.SyncedVehicle.#ctor">
            <summary>
            Create an empty VehicleEntity
            </summary>
        </member>
        <member name="P:RageCoop.Client.SyncedVehicle.MainVehicle">
            <summary>
            VehicleSeat,ID
            </summary>
        </member>
        <member name="P:RageCoop.Client.SyncedVehicle.Passengers">
            <summary>
            VehicleSeat,PedID
            </summary>
        </member>
        <member name="T:RageCoop.Client.Main">
            <summary>
            Don't use it!
            </summary>
        </member>
        <member name="M:RageCoop.Client.Main.#ctor">
            <summary>
            Don't use it!
            </summary>
        </member>
        <member name="M:RageCoop.Client.Main.QueueAction(System.Func{System.Boolean})">
            <summary>
            Queue an action  to be executed on next tick, allowing you to call scripting API from another thread.
            </summary>
            <param name="a"> The action to be executed, must return a bool indicating whether the action cane be removed after execution.</param>
        </member>
        <member name="M:RageCoop.Client.Main.ClearQueuedActions">
            <summary>
            Clears all queued actions
            </summary>
        </member>
        <member name="T:RageCoop.Client.CoopMap">
            <summary>
            
            </summary>
        </member>
        <member name="P:RageCoop.Client.CoopMap.Props">
            <summary>
            
            </summary>
        </member>
        <member name="T:RageCoop.Client.CoopProp">
            <summary>
            
            </summary>
        </member>
        <member name="P:RageCoop.Client.CoopProp.Position">
            <summary>
            
            </summary>
        </member>
        <member name="P:RageCoop.Client.CoopProp.Rotation">
            <summary>
            
            </summary>
        </member>
        <member name="P:RageCoop.Client.CoopProp.Hash">
            <summary>
            
            </summary>
        </member>
        <member name="P:RageCoop.Client.CoopProp.Dynamic">
            <summary>
            
            </summary>
        </member>
        <member name="P:RageCoop.Client.CoopProp.Texture">
            <summary>
            
            </summary>
        </member>
        <member name="T:RageCoop.Client.Menus.MenusMain">
            <summary>
            Don't use it!
            </summary>
        </member>
        <member name="M:RageCoop.Client.Menus.MenusMain.#ctor">
            <summary>
            Don't use it!
            </summary>
        </member>
        <member name="T:RageCoop.Client.Menus.Sub.Servers">
            <summary>
            Don't use it!
            </summary>
        </member>
        <member name="M:RageCoop.Client.Menus.Sub.Servers.#ctor">
            <summary>
            Don't use it!
            </summary>
        </member>
        <member name="T:RageCoop.Client.Menus.Sub.Settings">
            <summary>
            Don't use it!
            </summary>
        </member>
        <member name="M:RageCoop.Client.Menus.Sub.Settings.#ctor">
            <summary>
            Don't use it!
            </summary>
        </member>
        <member name="T:RageCoop.Client.VectorExtensions">
            <summary>
            
            </summary>
        </member>
        <member name="M:RageCoop.Client.VectorExtensions.ToVector(GTA.Math.Quaternion)">
            <summary>
            
            </summary>
        </member>
        <member name="M:RageCoop.Client.VectorExtensions.ToQuaternion(GTA.Math.Vector3,System.Single)">
            <summary>
            
            </summary>
        </member>
        <member name="M:RageCoop.Client.VectorExtensions.ToLVector(GTA.Math.Vector3)">
            <summary>
            
            </summary>
        </member>
        <member name="M:RageCoop.Client.VectorExtensions.ToLQuaternion(GTA.Math.Quaternion)">
            <summary>
            
            </summary>
        </member>
        <member name="T:RageCoop.Client.WorldThread">
            <summary>
            Don't use it!
            </summary>
        </member>
        <member name="M:RageCoop.Client.WorldThread.#ctor">
            <summary>
            Don't use it!
            </summary>
        </member>
        <member name="T:RageCoop.Client.Settings">
            <summary>
            Don't use it!
            </summary>
        </member>
        <member name="P:RageCoop.Client.Settings.Username">
            <summary>
            Don't use it!
            </summary>
        </member>
        <member name="P:RageCoop.Client.Settings.LastServerAddress">
            <summary>
            Don't use it!
            </summary>
        </member>
        <member name="P:RageCoop.Client.Settings.MasterServer">
            <summary>
            Don't use it!
            </summary>
        </member>
        <member name="P:RageCoop.Client.Settings.FlipMenu">
            <summary>
            Don't use it!
            </summary>
        </member>
    </members>
</doc>
